 {
    "type": "post",
    "url": "/group/add",
    "title": "Add Group.",
    "version": "0.1.0",
    "name": "AddGroup",
    "group": "Group",
    "header": {
      "fields": {
        "Header": [
          {
            "group": "Header",
            "type": "String",
            "optional": false,
            "field": "X-API-KEY",
            "description": "<p>Groups unique access-key.</p>"
          },
          {
            "group": "Header",
            "type": "String",
            "optional": false,
            "field": "X-Token",
            "description": "<p>Groups unique token.</p>"
          }
        ]
      }
    },
    "permission": [
      {
        "name": "Group Cant be Accessed permission name : api_group_add"
      }
    ],
    "parameter": {
      "fields": {
        "Parameter": [
          {
            "group": "Parameter",
            "type": "String",
            "optional": false,
            "field": "Name",
            "description": "<p>Mandatory name of Groups.</p>"
          },
          {
            "group": "Parameter",
            "type": "String",
            "optional": true,
            "field": "Definition",
            "description": "<p>Optional definition of Groups.</p>"
          }
        ]
      }
    },
    "success": {
      "fields": {
        "Success 200": [
          {
            "group": "Success 200",
            "type": "Boolean",
            "optional": false,
            "field": "Status",
            "description": "<p>status response api.</p>"
          },
          {
            "group": "Success 200",
            "type": "String",
            "optional": false,
            "field": "Message",
            "description": "<p>message response api.</p>"
          }
        ]
      },
      "examples": [
        {
          "title": "Success-Response:",
          "content": "HTTP/1.1 200 OK",
          "type": "json"
        }
      ]
    },
    "error": {
      "fields": {
        "Error 4xx": [
          {
            "group": "Error 4xx",
            "optional": false,
            "field": "ValidationError",
            "description": "<p>Error validation.</p>"
          }
        ]
      },
      "examples": [
        {
          "title": "Error-Response:",
          "content": "HTTP/1.1 403 Not Acceptable",
          "type": "json"
        }
      ]
    },
    "filename": "application/controllers/api/Group.php",
    "groupTitle": "Group"
  },
  {
    "type": "get",
    "url": "/group/all",
    "title": "Get all groups.",
    "version": "0.1.0",
    "name": "AllGroup",
    "group": "Group",
    "header": {
      "fields": {
        "Header": [
          {
            "group": "Header",
            "type": "String",
            "optional": false,
            "field": "X-API-KEY",
            "description": "<p>Groups unique access-key.</p>"
          },
          {
            "group": "Header",
            "type": "String",
            "optional": false,
            "field": "X-Token",
            "description": "<p>Groups unique token.</p>"
          }
        ]
      }
    },
    "permission": [
      {
        "name": "Group Cant be Accessed permission name : api_group_all"
      }
    ],
    "parameter": {
      "fields": {
        "Parameter": [
          {
            "group": "Parameter",
            "type": "String",
            "optional": true,
            "field": "Filter",
            "defaultValue": "null",
            "description": "<p>Optional filter of Groups.</p>"
          },
          {
            "group": "Parameter",
            "type": "String",
            "optional": true,
            "field": "Field",
            "defaultValue": "All Field",
            "description": "<p>Optional field of Groups.</p>"
          },
          {
            "group": "Parameter",
            "type": "String",
            "optional": true,
            "field": "Start",
            "defaultValue": "0",
            "description": "<p>Optional start index of Groups.</p>"
          },
          {
            "group": "Parameter",
            "type": "String",
            "optional": true,
            "field": "Limit",
            "defaultValue": "10",
            "description": "<p>Optional limit data of Groups.</p>"
          }
        ]
      }
    },
    "success": {
      "fields": {
        "Success 200": [
          {
            "group": "Success 200",
            "type": "Boolean",
            "optional": false,
            "field": "Status",
            "description": "<p>status response api.</p>"
          },
          {
            "group": "Success 200",
            "type": "String",
            "optional": false,
            "field": "Message",
            "description": "<p>message response api.</p>"
          },
          {
            "group": "Success 200",
            "type": "Array",
            "optional": false,
            "field": "Data",
            "description": "<p>data of group.</p>"
          }
        ]
      },
      "examples": [
        {
          "title": "Success-Response:",
          "content": "HTTP/1.1 200 OK",
          "type": "json"
        }
      ]
    },
    "error": {
      "fields": {
        "Error 4xx": [
          {
            "group": "Error 4xx",
            "optional": false,
            "field": "NoDataGroup",
            "description": "<p>Group data is nothing.</p>"
          }
        ]
      },
      "examples": [
        {
          "title": "Error-Response:",
          "content": "HTTP/1.1 403 Not Acceptable",
          "type": "json"
        }
      ]
    },
    "filename": "application/controllers/api/Group.php",
    "groupTitle": "Group"
  },
  {
    "type": "post",
    "url": "/group/delete",
    "title": "Delete Group.",
    "version": "0.1.0",
    "name": "DeleteGroup",
    "group": "Group",
    "header": {
      "fields": {
        "Header": [
          {
            "group": "Header",
            "type": "String",
            "optional": false,
            "field": "X-API-KEY",
            "description": "<p>Groups unique access-key.</p>"
          },
          {
            "group": "Header",
            "type": "String",
            "optional": false,
            "field": "X-Token",
            "description": "<p>Groups unique token.</p>"
          }
        ]
      }
    },
    "permission": [
      {
        "name": "Group Cant be Accessed permission name : api_group_delete"
      }
    ],
    "parameter": {
      "fields": {
        "Parameter": [
          {
            "group": "Parameter",
            "type": "Integer",
            "optional": false,
            "field": "Id",
            "description": "<p>Mandatory id of Groups .</p>"
          }
        ]
      }
    },
    "success": {
      "fields": {
        "Success 200": [
          {
            "group": "Success 200",
            "type": "Boolean",
            "optional": false,
            "field": "Status",
            "description": "<p>status response api.</p>"
          },
          {
            "group": "Success 200",
            "type": "String",
            "optional": false,
            "field": "Message",
            "description": "<p>message response api.</p>"
          }
        ]
      },
      "examples": [
        {
          "title": "Success-Response:",
          "content": "HTTP/1.1 200 OK",
          "type": "json"
        }
      ]
    },
    "error": {
      "fields": {
        "Error 4xx": [
          {
            "group": "Error 4xx",
            "optional": false,
            "field": "ValidationError",
            "description": "<p>Error validation.</p>"
          }
        ]
      },
      "examples": [
        {
          "title": "Error-Response:",
          "content": "HTTP/1.1 403 Not Acceptable",
          "type": "json"
        }
      ]
    },
    "filename": "application/controllers/api/Group.php",
    "groupTitle": "Group"
  },
  {
    "type": "get",
    "url": "/group/detail",
    "title": "Detail Group.",
    "version": "0.1.0",
    "name": "DetailGroup",
    "group": "Group",
    "header": {
      "fields": {
        "Header": [
          {
            "group": "Header",
            "type": "String",
            "optional": false,
            "field": "X-API-KEY",
            "description": "<p>Groups unique access-key.</p>"
          },
          {
            "group": "Header",
            "type": "String",
            "optional": false,
            "field": "X-Token",
            "description": "<p>Groups unique token.</p>"
          }
        ]
      }
    },
    "permission": [
      {
        "name": "Group Cant be Accessed permission name : api_group_detail"
      }
    ],
    "parameter": {
      "fields": {
        "Parameter": [
          {
            "group": "Parameter",
            "type": "Integer",
            "optional": false,
            "field": "Id",
            "description": "<p>Mandatory id of Groups.</p>"
          }
        ]
      }
    },
    "success": {
      "fields": {
        "Success 200": [
          {
            "group": "Success 200",
            "type": "Boolean",
            "optional": false,
            "field": "Status",
            "description": "<p>status response api.</p>"
          },
          {
            "group": "Success 200",
            "type": "String",
            "optional": false,
            "field": "Message",
            "description": "<p>message response api.</p>"
          },
          {
            "group": "Success 200",
            "type": "Array",
            "optional": false,
            "field": "Data",
            "description": "<p>data of group.</p>"
          }
        ]
      },
      "examples": [
        {
          "title": "Success-Response:",
          "content": "HTTP/1.1 200 OK",
          "type": "json"
        }
      ]
    },
    "error": {
      "fields": {
        "Error 4xx": [
          {
            "group": "Error 4xx",
            "optional": false,
            "field": "GroupNotFound",
            "description": "<p>Group data is not found.</p>"
          }
        ]
      },
      "examples": [
        {
          "title": "Error-Response:",
          "content": "HTTP/1.1 403 Not Acceptable",
          "type": "json"
        }
      ]
    },
    "filename": "application/controllers/api/Group.php",
    "groupTitle": "Group"
  },
  {
    "type": "post",
    "url": "/group/update",
    "title": "Update Group.",
    "version": "0.1.0",
    "name": "UpdateGroup",
    "group": "Group",
    "header": {
      "fields": {
        "Header": [
          {
            "group": "Header",
            "type": "String",
            "optional": false,
            "field": "X-API-KEY",
            "description": "<p>Groups unique access-key.</p>"
          },
          {
            "group": "Header",
            "type": "String",
            "optional": false,
            "field": "X-Token",
            "description": "<p>Groups unique token.</p>"
          }
        ]
      }
    },
    "permission": [
      {
        "name": "Group Cant be Accessed permission name : api_group_update"
      }
    ],
    "parameter": {
      "fields": {
        "Parameter": [
          {
            "group": "Parameter",
            "type": "String",
            "optional": false,
            "field": "Name",
            "description": "<p>Mandatory Name of Groups.</p>"
          },
          {
            "group": "Parameter",
            "type": "String",
            "optional": true,
            "field": "Definition",
            "description": "<p>Optional definition of Groups.</p>"
          }
        ]
      }
    },
    "success": {
      "fields": {
        "Success 200": [
          {
            "group": "Success 200",
            "type": "Boolean",
            "optional": false,
            "field": "Status",
            "description": "<p>status response api.</p>"
          },
          {
            "group": "Success 200",
            "type": "String",
            "optional": false,
            "field": "Message",
            "description": "<p>message response api.</p>"
          }
        ]
      },
      "examples": [
        {
          "title": "Success-Response:",
          "content": "HTTP/1.1 200 OK",
          "type": "json"
        }
      ]
    },
    "error": {
      "fields": {
        "Error 4xx": [
          {
            "group": "Error 4xx",
            "optional": false,
            "field": "ValidationError",
            "description": "<p>Error validation.</p>"
          }
        ]
      },
      "examples": [
        {
          "title": "Error-Response:",
          "content": "HTTP/1.1 403 Not Acceptable",
          "type": "json"
        }
      ]
    },
    "filename": "application/controllers/api/Group.php",
    "groupTitle": "Group"
  }